brand,km_driven,fuel,owner,selling_price
Volkswagen,99504,Electric,Second Owner,480654
Maruti,111923,Petrol,First Owner,271273
Renault,16256,Diesel,Second Owner,336430
Toyota,122128,CNG,Second Owner,643938
Renault,149374,Electric,Third Owner,328363
Toyota,139886,Diesel,Second Owner,673704
Skoda,169066,Electric,Second Owner,572085
Chevrolet,145712,Diesel,First Owner,369660
Skoda,184564,Petrol,Second Owner,567773
Mahindra,96260,CNG,Second Owner,543627
Hyundai,141298,Petrol,Second Owner,435023
Tata,91998,Electric,First Owner,400213
Mahindra,95049,Diesel,Third Owner,529145
Renault,182684,Diesel,First Owner,330172
Ford,107675,CNG,Third Owner,396275
Mahindra,80182,Electric,Third Owner,517524
Maruti,88690,Diesel,Third Owner,308913
MG,182379,Electric,Second Owner,851712
Renault,17991,Petrol,Third Owner,327497
Mahindra,191416,CNG,Third Owner,506576
Kia,12098,Electric,Third Owner,859615
Kia,168464,Electric,First Owner,846149
Maruti,158985,CNG,Third Owner,276991
Volkswagen,54630,CNG,Third Owner,499545
Honda,134667,Diesel,Second Owner,452872
Skoda,116166,Electric,Second Owner,596319
Nissan,77528,CNG,Second Owner,354791
MG,154634,CNG,First Owner,844855
Jeep,30805,Electric,Second Owner,923986
Tata,192108,CNG,Third Owner,367644
Skoda,102223,Petrol,Second Owner,570815
Maruti,110357,Diesel,Second Owner,306214
Mahindra,58201,Petrol,First Owner,545455
Kia,57060,CNG,Third Owner,820576
Maruti,171593,CNG,Second Owner,291828
Chevrolet,151981,CNG,Second Owner,385163
Honda,62473,Diesel,Third Owner,494296
Kia,84797,Diesel,First Owner,818726
Nissan,88021,CNG,First Owner,377666
MG,106899,Electric,Third Owner,857986
Mahindra,62464,CNG,Second Owner,518937
Nissan,69630,Diesel,Third Owner,399364
Ford,44605,Petrol,First Owner,370830
Mahindra,141003,Diesel,First Owner,534603
Skoda,133792,CNG,First Owner,601416
Mahindra,127035,Electric,First Owner,564744
Toyota,25470,Petrol,Second Owner,665048
Chevrolet,37909,CNG,Second Owner,400230
Nissan,183475,Petrol,First Owner,347091
Ford,199838,Diesel,First Owner,331529
Honda,156726,Electric,Second Owner,448049
Ford,134923,Diesel,Third Owner,331631
Toyota,197125,Diesel,Third Owner,650821
Toyota,152446,CNG,Second Owner,687753
Volkswagen,89906,Diesel,Second Owner,502546
Tata,69970,Petrol,First Owner,401101
Skoda,157508,CNG,First Owner,566326
Jeep,98641,CNG,First Owner,891672
Hyundai,53778,Petrol,First Owner,412444
Volkswagen,160935,CNG,Third Owner,483018
Renault,109330,Electric,First Owner,335220
Hyundai,189268,Diesel,Second Owner,421553
MG,48111,Electric,Third Owner,901671
MG,20570,Petrol,First Owner,921307
Chevrolet,96985,CNG,Second Owner,370136
Tata,154673,CNG,Second Owner,355039
Volkswagen,68397,CNG,Second Owner,460290
Mahindra,164240,Diesel,Third Owner,543219
Kia,37860,Electric,Second Owner,859579
Kia,44550,Diesel,Second Owner,861308
Skoda,176644,Electric,Second Owner,545819
Toyota,122652,Petrol,Third Owner,685860
Tata,18710,CNG,Second Owner,418900
Jeep,40716,Petrol,First Owner,915533
Chevrolet,45421,Electric,Third Owner,352299
Kia,117103,Petrol,First Owner,822825
Nissan,150049,CNG,First Owner,339698
Skoda,194873,Petrol,First Owner,590032
Jeep,90554,Petrol,First Owner,964919
Toyota,111086,Electric,Second Owner,684753
Hyundai,188775,Diesel,Second Owner,393190
Honda,184936,Diesel,First Owner,455280
MG,73630,Diesel,Second Owner,889079
Jeep,162582,Diesel,Third Owner,930125
Hyundai,22185,Electric,Second Owner,426513
Hyundai,48853,Petrol,First Owner,426822
Toyota,105495,Electric,First Owner,698694
Mahindra,74957,Diesel,First Owner,549941
MG,164061,Diesel,First Owner,865608
Nissan,73376,Electric,Second Owner,393170
Nissan,132026,Diesel,Third Owner,359432
Skoda,79346,Electric,Third Owner,608159
Toyota,155722,Electric,First Owner,630382
Nissan,102571,Diesel,First Owner,361340
Maruti,14745,Electric,Third Owner,285529
Renault,63596,Petrol,First Owner,311055
Skoda,165144,Diesel,Third Owner,584243
Renault,155356,Petrol,Third Owner,314054
Nissan,118772,Petrol,First Owner,362131
Maruti,160221,Electric,First Owner,267854
Toyota,180683,CNG,First Owner,680243
MG,160839,Petrol,Third Owner,845425
Skoda,183528,CNG,First Owner,547378
Kia,124819,Diesel,Third Owner,788858
Chevrolet,123453,Diesel,Third Owner,381433
Renault,131242,Electric,Second Owner,305928
Volkswagen,12714,Diesel,Third Owner,499809
Ford,145777,Electric,Second Owner,361196
Honda,152115,Petrol,Second Owner,443172
Tata,177445,Electric,Second Owner,338044
MG,23936,Electric,Third Owner,893214
Renault,54179,Electric,Third Owner,323914
Toyota,145355,Diesel,First Owner,672777
Skoda,51312,CNG,First Owner,575529
Honda,20671,Electric,Second Owner,523367
Jeep,126506,Electric,Second Owner,934362
Toyota,155007,Electric,Second Owner,682436
Mahindra,44642,Petrol,Third Owner,532251
Volkswagen,14925,Electric,Second Owner,483359
Toyota,171357,Diesel,Second Owner,667030
Toyota,44943,Diesel,First Owner,671361
Ford,199365,CNG,First Owner,338398
Chevrolet,141766,Petrol,Third Owner,385544
Honda,40579,Electric,Third Owner,513588
Tata,105280,Petrol,Third Owner,349472
Toyota,165334,Petrol,First Owner,680884
Volkswagen,14067,CNG,Second Owner,493580
Volkswagen,107292,Petrol,Second Owner,469981
Volkswagen,156994,Electric,First Owner,486206
Maruti,121762,Electric,Third Owner,253496
Renault,71514,Electric,Second Owner,345161
Volkswagen,21991,Electric,First Owner,505607
Maruti,174242,Petrol,First Owner,288262
Honda,165819,CNG,Third Owner,458748
Nissan,87883,Petrol,Second Owner,363311
Hyundai,107334,Diesel,Second Owner,447620
Hyundai,166693,Petrol,Third Owner,392261
MG,170856,Electric,First Owner,881689
Hyundai,159285,Electric,Second Owner,398075
Hyundai,186277,Petrol,Second Owner,412978
Renault,56961,Petrol,Third Owner,358226
Toyota,26358,Electric,First Owner,672687
Volkswagen,123087,Petrol,Second Owner,500327
Jeep,26212,Petrol,First Owner,962415
Nissan,20312,Electric,First Owner,396963
Kia,77907,CNG,First Owner,858338
Jeep,15001,Diesel,Second Owner,950257
MG,135277,Petrol,First Owner,866900
Volkswagen,71562,Diesel,Third Owner,474371
Chevrolet,123766,CNG,Third Owner,345518
Maruti,24606,CNG,Second Owner,278855
Nissan,22000,Petrol,Third Owner,374963
Maruti,168586,Diesel,Third Owner,292631
Nissan,111506,Electric,Second Owner,380713
Kia,137267,Electric,Third Owner,836002
Jeep,18932,Electric,Third Owner,954851
Nissan,47150,Electric,First Owner,373423
Ford,47488,Electric,First Owner,389464
Mahindra,86717,CNG,Third Owner,530204
Kia,68222,Diesel,Second Owner,845047
Nissan,54968,Petrol,Third Owner,414381
Chevrolet,197096,Electric,First Owner,339942
Honda,161713,Petrol,Second Owner,449815
Maruti,33401,CNG,Second Owner,286870
Nissan,12341,CNG,Third Owner,391864
Kia,168414,Diesel,Third Owner,821521
Volkswagen,166303,Petrol,Second Owner,436641
Honda,109702,CNG,Third Owner,461125
Ford,26364,Diesel,Second Owner,401878
Honda,117696,CNG,Third Owner,464585
Mahindra,151399,Diesel,Third Owner,503984
Maruti,29723,Diesel,Third Owner,284424
Nissan,49553,CNG,Second Owner,366913
Jeep,74424,Diesel,Second Owner,923603
Honda,106798,CNG,Third Owner,449892
Toyota,157343,Petrol,Third Owner,671942
Ford,96835,Electric,First Owner,382837
Mahindra,166517,CNG,Third Owner,513265
Renault,84176,Diesel,Second Owner,309163
Mahindra,178425,Diesel,Second Owner,484313
Volkswagen,157517,CNG,First Owner,449297
Toyota,29166,Diesel,Third Owner,675712
Ford,102953,Petrol,Third Owner,383757
Renault,32016,Petrol,First Owner,331629
Jeep,58035,Electric,Third Owner,972066
Tata,177914,Petrol,First Owner,375894
Chevrolet,63165,Diesel,Second Owner,373568
Hyundai,49885,Petrol,First Owner,442984
Tata,135219,Diesel,Second Owner,385832
Renault,98542,CNG,Second Owner,335713
Mahindra,199907,Electric,Third Owner,524843
Mahindra,79974,CNG,Third Owner,563329
Skoda,105340,Petrol,Third Owner,605406
Tata,191632,Electric,First Owner,338162
Chevrolet,58695,CNG,Third Owner,381912
Renault,152285,Electric,First Owner,345351
Kia,134475,Diesel,Second Owner,806072
Toyota,21745,CNG,Third Owner,718596
Maruti,193776,Diesel,First Owner,250280
Nissan,19380,Diesel,Second Owner,382486
Chevrolet,46882,Diesel,First Owner,350644
Chevrolet,128682,Electric,First Owner,344763
MG,61668,CNG,Second Owner,903289
Nissan,101603,CNG,First Owner,402778
Hyundai,44340,Electric,First Owner,429687
Hyundai,126042,Electric,Second Owner,465744
Honda,117311,Diesel,Second Owner,488002
Maruti,130263,CNG,First Owner,288736
Toyota,98744,Petrol,Third Owner,676909
MG,73734,Diesel,Second Owner,859620
Mahindra,59188,Electric,Second Owner,565544
Honda,192577,Petrol,Second Owner,432781
Honda,99367,Electric,First Owner,500993
Nissan,118326,CNG,First Owner,387737
Volkswagen,178002,Petrol,Second Owner,462661
Tata,37069,Diesel,Third Owner,381407
Skoda,106759,Electric,First Owner,563672
Renault,117672,Diesel,Third Owner,349705
Volkswagen,99017,CNG,Third Owner,484789
Tata,115012,Diesel,First Owner,346871
Tata,185244,Petrol,Second Owner,360215
Hyundai,52939,Petrol,First Owner,418298
Maruti,54605,Electric,Third Owner,317093
Chevrolet,93463,Electric,First Owner,370263
Hyundai,114366,CNG,Second Owner,398664
Toyota,114416,CNG,Third Owner,680079
Toyota,151453,CNG,Third Owner,644675
Jeep,84450,Electric,First Owner,940229
Nissan,62203,CNG,Second Owner,414437
Kia,162671,Diesel,First Owner,842249
Mahindra,33737,Diesel,Third Owner,546168
Hyundai,142602,Petrol,First Owner,397256
Toyota,159444,Electric,Third Owner,635337
Nissan,141876,Electric,Second Owner,350528
Toyota,146810,Electric,Third Owner,676818
Tata,91470,Petrol,Second Owner,403134
Tata,197041,Petrol,First Owner,396054
Chevrolet,37238,Petrol,Third Owner,345458
Ford,92009,CNG,First Owner,360279
Jeep,45607,CNG,First Owner,964137
Skoda,156271,Petrol,Second Owner,589967
Maruti,48886,Petrol,First Owner,269948
Maruti,47444,Diesel,Third Owner,261031
Skoda,174312,CNG,First Owner,560897
Nissan,67202,Diesel,Third Owner,375643
Volkswagen,156324,Diesel,Second Owner,486555
Mahindra,158579,CNG,Second Owner,536703
Jeep,180348,Petrol,Second Owner,896362
Kia,56069,Electric,Second Owner,835687
Nissan,164444,CNG,First Owner,365359
Tata,109281,Electric,Third Owner,403136
Renault,157972,Petrol,Second Owner,349613
Volkswagen,77748,CNG,Third Owner,490249
Nissan,70584,Diesel,Third Owner,407318
Nissan,18699,Electric,First Owner,418871
Renault,105541,Diesel,Second Owner,339252
Ford,64762,CNG,Third Owner,356901
Nissan,50715,Electric,First Owner,358998
Volkswagen,148253,Diesel,Third Owner,457734
Chevrolet,34306,Electric,First Owner,344060
MG,16578,CNG,Third Owner,896547
Volkswagen,65657,Petrol,Second Owner,485824
Jeep,17227,Diesel,Second Owner,964519
Toyota,157882,Petrol,Third Owner,654929
Nissan,120808,CNG,First Owner,412807
Renault,21568,Electric,Third Owner,324872
MG,48670,Electric,First Owner,876992
Toyota,92333,CNG,First Owner,682421
MG,23187,Electric,Second Owner,883714
Hyundai,136321,Electric,First Owner,398798
Honda,81704,CNG,Second Owner,467601
Nissan,63225,CNG,Third Owner,396245
Jeep,182764,Diesel,Second Owner,918061
Nissan,36464,Electric,Third Owner,405552
Renault,25156,Petrol,Second Owner,317417
Maruti,99083,Petrol,Third Owner,288437
Mahindra,192848,Petrol,Third Owner,478489
Skoda,188012,Electric,Third Owner,584385
Skoda,54768,Diesel,First Owner,571111
Volkswagen,129408,Petrol,Third Owner,461674
Jeep,32701,CNG,First Owner,925995
Chevrolet,135338,Petrol,First Owner,337601
Jeep,197302,CNG,First Owner,928176
Chevrolet,25148,Diesel,Third Owner,381245
Maruti,107532,Diesel,Second Owner,280326
Hyundai,51541,CNG,Third Owner,443085
Ford,180465,Diesel,Third Owner,336347
Maruti,91959,Electric,Second Owner,279432
Kia,36996,Diesel,First Owner,847098
Skoda,146322,Diesel,First Owner,575961
Toyota,50298,CNG,Second Owner,711054
Kia,19410,Petrol,Third Owner,853038
Volkswagen,21088,Petrol,First Owner,481397
Renault,16639,Petrol,Second Owner,354686
Jeep,188824,Petrol,First Owner,931863
Volkswagen,177450,CNG,Third Owner,440981
Hyundai,21264,Diesel,Second Owner,420678
Maruti,159325,Electric,Second Owner,277532
Volkswagen,72141,CNG,Third Owner,508647
Hyundai,179685,Diesel,Third Owner,412246
Mahindra,136601,Petrol,First Owner,535861
Maruti,94653,Diesel,First Owner,267546
Skoda,29653,Electric,Third Owner,626124
Kia,21973,Diesel,Second Owner,821783
Skoda,185990,CNG,First Owner,575144
Renault,71402,Electric,Second Owner,317882
Toyota,182729,Electric,Second Owner,655807
Volkswagen,136070,Diesel,First Owner,466938
Renault,57230,Electric,Second Owner,362977
Maruti,166607,Electric,First Owner,286484
Honda,11126,Electric,First Owner,491655
Kia,40979,Petrol,Second Owner,847623
MG,29979,Electric,First Owner,925814
Nissan,145492,CNG,First Owner,358511
Tata,76804,Petrol,First Owner,364908
Honda,81285,Petrol,First Owner,495074
Mahindra,169650,Electric,Second Owner,524970
Volkswagen,62349,CNG,Second Owner,473362
Jeep,19462,Electric,Second Owner,917451
Nissan,193217,Diesel,Second Owner,375471
Mahindra,113793,Diesel,First Owner,508525
Honda,52700,Electric,Third Owner,472470
Jeep,114214,Petrol,Second Owner,926950
Skoda,100076,CNG,First Owner,576578
Tata,41425,CNG,Third Owner,364633
Ford,147445,CNG,Third Owner,368944
Chevrolet,133191,CNG,First Owner,379073
Jeep,17207,Petrol,Second Owner,954970
Ford,165288,Petrol,Third Owner,399081
Jeep,136607,Diesel,Second Owner,931324
Hyundai,60408,Petrol,First Owner,422615
Volkswagen,148776,Electric,Third Owner,494244
Toyota,18323,CNG,First Owner,666849
Hyundai,134776,Electric,First Owner,406733
Tata,183781,CNG,First Owner,377339
Nissan,88271,Petrol,Second Owner,375876
Honda,85387,Diesel,First Owner,478056
Toyota,191917,Diesel,Second Owner,655084
Ford,30389,CNG,Third Owner,419692
MG,14462,Electric,Third Owner,881363
Ford,42163,Electric,Third Owner,401747
Honda,91036,CNG,Second Owner,459362
Hyundai,158862,Electric,Second Owner,421050
Hyundai,119827,Petrol,First Owner,406218
Volkswagen,126325,Diesel,Third Owner,447891
Jeep,84102,CNG,Third Owner,930205
Skoda,168293,CNG,First Owner,554790
Toyota,169090,Diesel,First Owner,692613
Renault,143923,CNG,Second Owner,289015
Nissan,131650,Petrol,Third Owner,377512
Renault,75333,Diesel,First Owner,302394
Ford,128016,Petrol,Third Owner,352761
Honda,50081,Petrol,Third Owner,514499
Volkswagen,33292,Diesel,Third Owner,481807
Skoda,83094,Petrol,Second Owner,616584
Toyota,32846,Petrol,Third Owner,686082
Jeep,76057,Petrol,First Owner,941406
MG,120175,Petrol,Second Owner,890118
Skoda,121316,Electric,Second Owner,599600
Skoda,87944,Petrol,Third Owner,592494
Tata,86578,Petrol,Second Owner,373498
MG,54222,Petrol,First Owner,893334
MG,127499,Electric,Third Owner,897405
Honda,147249,Diesel,Third Owner,485442
Renault,79761,CNG,Third Owner,333093
Hyundai,147296,CNG,Second Owner,424163
Jeep,128126,CNG,Second Owner,950501
Maruti,122016,CNG,Third Owner,248946
Chevrolet,35001,Electric,Second Owner,398520
Kia,144690,Electric,Second Owner,842749
Toyota,102934,Electric,Third Owner,709941
Toyota,164413,Electric,Second Owner,638011
Skoda,37990,Petrol,Second Owner,617945
Jeep,73231,Electric,Second Owner,919630
Renault,100040,Diesel,First Owner,293708
Honda,176733,Electric,Second Owner,495444
Chevrolet,139433,Diesel,Second Owner,367767
Skoda,57393,CNG,First Owner,576412
Volkswagen,47579,Electric,Third Owner,505046
Kia,64527,Petrol,Second Owner,820277
Toyota,58591,Electric,Third Owner,711032
Jeep,11211,CNG,Third Owner,936106
Toyota,180152,Diesel,First Owner,655037
Jeep,136557,Petrol,Second Owner,927669
Skoda,144579,Petrol,First Owner,601345
Ford,144120,Electric,Second Owner,381970
Volkswagen,19116,Electric,Third Owner,498685
Nissan,150432,Petrol,Second Owner,378861
Jeep,132487,Electric,Second Owner,952410
Nissan,198203,Electric,First Owner,378259
Hyundai,142596,Petrol,Third Owner,406990
Mahindra,190841,CNG,Second Owner,488485
Honda,75493,Electric,Second Owner,498887
Honda,29946,Petrol,Second Owner,474056
Jeep,87248,CNG,First Owner,915116
Honda,12795,CNG,First Owner,506150
Volkswagen,30778,CNG,First Owner,484619
MG,194838,CNG,First Owner,858694
MG,116398,CNG,Third Owner,895979
Maruti,35163,Electric,Second Owner,312963
Mahindra,74877,Electric,First Owner,547485
Jeep,196782,CNG,First Owner,861791
Honda,54998,Diesel,First Owner,460503
Kia,79564,Diesel,Third Owner,825148
Renault,175602,Electric,First Owner,315211
Jeep,28980,Electric,Second Owner,916547
Mahindra,12417,Diesel,First Owner,556340
Renault,17538,Electric,First Owner,374688
Toyota,141225,Electric,Third Owner,680980
Mahindra,153179,Electric,Second Owner,478286
Mahindra,136212,Diesel,Second Owner,513873
Chevrolet,28970,Petrol,First Owner,370825
Ford,96636,Petrol,First Owner,362149
Maruti,106748,Electric,Second Owner,287812
Mahindra,117823,Diesel,Second Owner,521777
Maruti,123345,CNG,Third Owner,234705
Ford,69061,Electric,Second Owner,358694
Renault,119174,Electric,Third Owner,317564
Chevrolet,83516,Petrol,Second Owner,341194
Volkswagen,185878,Electric,First Owner,470004
Ford,191668,Petrol,Second Owner,367245
Chevrolet,111103,CNG,Third Owner,365487
Skoda,165156,Electric,Third Owner,568014
Skoda,192033,Diesel,Second Owner,564064
Hyundai,100028,Petrol,First Owner,429079
Skoda,32805,CNG,Third Owner,586516
Kia,155717,Petrol,First Owner,857364
MG,130946,CNG,Third Owner,861779
Jeep,52269,CNG,First Owner,948109
Chevrolet,150224,CNG,Second Owner,325468
Ford,171350,Electric,Third Owner,390445
Honda,60234,CNG,Third Owner,494309
Honda,114596,Diesel,First Owner,473955
Jeep,60012,CNG,Third Owner,926642
Nissan,14023,CNG,Second Owner,402621
Honda,24815,CNG,First Owner,498910
Maruti,23190,Diesel,Second Owner,308149
Renault,159055,Diesel,Third Owner,342470
Skoda,180682,CNG,Third Owner,534182
Maruti,139945,CNG,Second Owner,299022
Skoda,117827,Petrol,First Owner,600067
Hyundai,132991,CNG,Third Owner,440617
Volkswagen,52103,Petrol,Third Owner,507154
Maruti,198160,Diesel,Third Owner,287431
Jeep,187823,Diesel,Second Owner,926920
Renault,81897,Petrol,First Owner,349443
Honda,169320,Diesel,First Owner,484975
Skoda,114100,Diesel,Third Owner,587775
Volkswagen,12116,CNG,First Owner,489734
Ford,161699,Diesel,Second Owner,367464
Mahindra,121819,CNG,First Owner,511424
Skoda,20212,Diesel,Second Owner,615359
Ford,185273,Electric,Second Owner,391425
Skoda,159967,Electric,Third Owner,588487
Kia,170058,Diesel,Third Owner,846777
Toyota,140815,Petrol,First Owner,663746
Hyundai,180915,CNG,Third Owner,402444
Maruti,182582,Electric,Second Owner,247408
Ford,69713,Electric,First Owner,402229
Renault,72125,Electric,Second Owner,321248
Ford,196373,Diesel,Second Owner,321279
Hyundai,73348,Petrol,Third Owner,465324
Honda,188510,Diesel,Third Owner,452234
Skoda,32228,Diesel,Second Owner,605862
Maruti,153737,Electric,Second Owner,268642
Mahindra,55639,Diesel,First Owner,559811
MG,40355,Petrol,First Owner,881882
Tata,152835,Electric,Second Owner,387259
Mahindra,148548,CNG,First Owner,530531
Renault,71040,Diesel,Second Owner,355897
Ford,26040,Electric,First Owner,391130
Chevrolet,193464,Diesel,Second Owner,342351
MG,152513,Petrol,Second Owner,871205
Mahindra,96292,Diesel,First Owner,505471
Toyota,176591,Diesel,Third Owner,704320
Volkswagen,34275,Petrol,First Owner,513969
Honda,41669,Diesel,First Owner,508119
Hyundai,62518,Petrol,Second Owner,458306
Hyundai,12111,Diesel,Third Owner,438074
Volkswagen,16986,Electric,Third Owner,503884
Renault,156634,Petrol,First Owner,338178
MG,47854,Electric,First Owner,871966
Maruti,139926,Electric,Second Owner,274599
Maruti,188738,CNG,First Owner,284772
Mahindra,56704,Diesel,First Owner,519509
Maruti,199809,Diesel,Second Owner,230341
Renault,157113,CNG,Second Owner,311003
Skoda,17970,Petrol,Third Owner,618924
Hyundai,153089,Diesel,Third Owner,445415
Volkswagen,36206,Electric,First Owner,523810
Hyundai,196883,CNG,Second Owner,374699
Ford,55127,Petrol,Third Owner,394727
Nissan,163205,Electric,First Owner,397667
Hyundai,100792,CNG,Third Owner,411819
Nissan,61757,CNG,Second Owner,362342
Jeep,108865,Electric,First Owner,923283
Skoda,117925,Electric,First Owner,539153
Maruti,12310,Electric,Second Owner,309036
Tata,16741,CNG,Third Owner,376071
Kia,82442,Petrol,Second Owner,807918
Hyundai,28791,Diesel,Second Owner,427654
Hyundai,156822,Petrol,Third Owner,431866
Nissan,98700,Diesel,Second Owner,346142
Skoda,53881,Diesel,Third Owner,583465
Kia,110954,Diesel,Third Owner,847373
Renault,133346,CNG,Second Owner,345770
Maruti,101997,CNG,Second Owner,264494
Maruti,162457,CNG,First Owner,267338
Ford,192690,CNG,Third Owner,339863
Volkswagen,165405,CNG,Third Owner,430543
Maruti,196952,CNG,Third Owner,294843
Tata,142119,Diesel,Second Owner,342693
Skoda,197902,Diesel,Third Owner,549650
Toyota,185119,Electric,Second Owner,644617
Jeep,103280,Petrol,First Owner,910674
Chevrolet,157128,CNG,Second Owner,340381
Honda,182175,CNG,Second Owner,472456
Chevrolet,91903,Petrol,Second Owner,332289
Skoda,45980,Electric,Third Owner,598725
Nissan,69063,Diesel,First Owner,384834
Tata,54390,Electric,Second Owner,370956
Maruti,51779,CNG,Second Owner,264922
Volkswagen,39908,Electric,Third Owner,516173
Skoda,198834,Electric,First Owner,545551
Tata,131834,Petrol,Third Owner,383961
Volkswagen,111898,Petrol,Third Owner,473879
Skoda,195050,Petrol,Third Owner,586247
Maruti,113569,CNG,Second Owner,302641
Toyota,55684,Petrol,Third Owner,712839
Jeep,171879,Electric,First Owner,929804
Volkswagen,31878,CNG,Third Owner,479850
MG,108162,CNG,Third Owner,916190
Volkswagen,192763,Electric,First Owner,494669
Hyundai,123574,Diesel,Third Owner,404147
Chevrolet,20814,Electric,Second Owner,378111
Volkswagen,85064,Petrol,Second Owner,510995
Toyota,178276,Petrol,Second Owner,675660
Mahindra,53157,Diesel,First Owner,557960
Jeep,55557,Electric,Third Owner,914434
Tata,191952,Electric,Second Owner,388503
Honda,50986,CNG,Second Owner,506609
Mahindra,18353,CNG,Third Owner,541170
Renault,18341,Petrol,First Owner,370557
Jeep,173051,Petrol,First Owner,958832
Jeep,97088,Petrol,Second Owner,952415
Toyota,44509,Diesel,Third Owner,684907
Volkswagen,91058,Petrol,First Owner,480935
Chevrolet,127383,Diesel,Second Owner,386110
Skoda,94697,Diesel,Third Owner,606952
Mahindra,29446,CNG,First Owner,570016
Honda,197453,CNG,Third Owner,455352
Tata,162091,Petrol,First Owner,329292
MG,123286,Petrol,Third Owner,848873
Skoda,165155,Electric,Second Owner,612264
Jeep,170550,CNG,Third Owner,901805
Skoda,39333,Diesel,Third Owner,613158
MG,102309,Diesel,Third Owner,848291
Jeep,158104,CNG,First Owner,916624
Volkswagen,177490,Petrol,Third Owner,459367
Honda,133181,Diesel,First Owner,508726
Mahindra,161606,Diesel,First Owner,547464
Ford,69227,Electric,First Owner,413805
Toyota,90965,CNG,Second Owner,693729
Honda,70040,Electric,Third Owner,511922
Renault,187999,CNG,First Owner,358419
Jeep,68357,Diesel,Third Owner,912541
Kia,89541,CNG,First Owner,821201
Ford,116122,Diesel,Third Owner,400226
Skoda,42862,Electric,Second Owner,577945
Jeep,70241,Petrol,First Owner,909407
Renault,145062,Diesel,First Owner,353833
MG,119611,CNG,Second Owner,874454
Renault,196598,CNG,Third Owner,303628
Volkswagen,53070,Electric,Second Owner,502326
Chevrolet,185675,Petrol,Second Owner,318012
Kia,73105,Electric,Third Owner,839566
Chevrolet,141579,Diesel,Second Owner,358674
Renault,159425,Diesel,Second Owner,288247
Skoda,152702,Electric,First Owner,562010
Nissan,191048,Electric,Third Owner,346198
Chevrolet,148424,Petrol,Second Owner,350002
Tata,23575,Diesel,First Owner,378452
MG,146221,Electric,Second Owner,898781
Renault,48494,Petrol,Third Owner,327629
Renault,195096,Electric,Second Owner,317782
Chevrolet,14239,Electric,Third Owner,379269
MG,79608,Diesel,Second Owner,857170
Mahindra,102614,Electric,Second Owner,550122
Maruti,29545,Diesel,Second Owner,268141
Hyundai,53919,Diesel,First Owner,432631
Mahindra,140938,Electric,Third Owner,512916
Mahindra,52901,Petrol,Third Owner,514275
Nissan,198415,Electric,Second Owner,377437
Kia,80821,Petrol,Second Owner,833547
Hyundai,120227,Electric,First Owner,434862
Nissan,139646,CNG,Second Owner,384880
Hyundai,161749,Diesel,Second Owner,418710
Nissan,90460,Diesel,Third Owner,381245
Mahindra,157531,Electric,First Owner,515564
Maruti,90615,Electric,Third Owner,290379
Hyundai,16183,Electric,Second Owner,465764
Ford,160285,Diesel,Second Owner,367454
Jeep,184213,Diesel,First Owner,906306
Chevrolet,155168,Petrol,Second Owner,306018
Nissan,96755,Petrol,Third Owner,355464
Skoda,24947,Petrol,Second Owner,595179
Skoda,122885,CNG,First Owner,567271
Skoda,44034,Petrol,First Owner,563854
Honda,88566,Electric,Third Owner,503524
Hyundai,134998,CNG,First Owner,425525
Tata,163363,CNG,Second Owner,378525
Toyota,66861,Petrol,Second Owner,689988
Hyundai,60559,Petrol,Third Owner,446877
Honda,108464,Electric,Second Owner,505601
Ford,127206,Petrol,First Owner,376479
Skoda,44751,Diesel,First Owner,585473
Ford,50294,Diesel,First Owner,380355
Ford,55041,Diesel,Third Owner,383390
Kia,17853,Petrol,First Owner,859720
Chevrolet,40245,Electric,Third Owner,400248
Ford,58752,CNG,First Owner,371565
Toyota,31512,Petrol,Third Owner,715779
Honda,49573,Diesel,First Owner,494129
MG,11099,Diesel,Third Owner,904751
Hyundai,163685,Petrol,Third Owner,406007
Mahindra,167152,Diesel,First Owner,500037
Skoda,29131,CNG,Third Owner,617449
Skoda,158827,Electric,First Owner,597703
MG,56726,Electric,First Owner,891696
Nissan,159009,CNG,Second Owner,337569
Volkswagen,14040,Diesel,First Owner,489384
Jeep,66894,Diesel,Second Owner,935042
Hyundai,97105,Electric,Second Owner,408916
Toyota,165380,Diesel,First Owner,665427
Nissan,26103,Diesel,Third Owner,383722
Kia,141399,Diesel,First Owner,806316
Ford,19628,Petrol,First Owner,388848
Toyota,134444,Diesel,Second Owner,677997
Nissan,40402,Petrol,Second Owner,400061
Renault,155252,Petrol,First Owner,333768
Mahindra,104103,Petrol,Second Owner,513926
Kia,161177,Petrol,Second Owner,807643
Mahindra,50098,Diesel,Third Owner,557899
Skoda,48426,Petrol,Second Owner,621750
Chevrolet,158246,Diesel,First Owner,325674
Honda,47264,Petrol,First Owner,511097
Mahindra,43078,Diesel,First Owner,568670
Maruti,183695,Electric,Second Owner,282063
Maruti,162184,CNG,First Owner,307233
Volkswagen,196350,CNG,Third Owner,478100
Kia,104265,CNG,First Owner,827876
Kia,102481,CNG,Third Owner,820481
MG,140375,Diesel,Third Owner,869863
Honda,64306,CNG,Third Owner,462647
Nissan,143919,Petrol,Third Owner,355205
Maruti,81488,Electric,First Owner,258129
Mahindra,183879,Diesel,Third Owner,504647
Mahindra,142302,Petrol,First Owner,517214
Renault,59821,CNG,Second Owner,354817
Skoda,68142,Petrol,Third Owner,564924
Ford,86125,Petrol,Third Owner,362356
Mahindra,116936,CNG,First Owner,513513
Honda,15374,CNG,Third Owner,513685
MG,161557,Petrol,First Owner,878985
Skoda,42049,CNG,First Owner,622711
Toyota,178578,Diesel,First Owner,672743
Jeep,132725,Diesel,Third Owner,939887
Tata,97550,Diesel,Third Owner,382926
Ford,56553,Diesel,Third Owner,367551
Tata,191727,Diesel,Second Owner,351615
Tata,119809,CNG,Third Owner,366174
Renault,142320,Electric,Third Owner,295470
Honda,156856,Diesel,First Owner,447149
MG,86672,Diesel,First Owner,870709
Volkswagen,74205,Petrol,Third Owner,460818
Maruti,138061,Petrol,First Owner,292989
Toyota,133588,CNG,First Owner,647727
Hyundai,199883,Diesel,First Owner,423999
MG,193832,CNG,First Owner,840393
Hyundai,159615,Electric,Second Owner,415551
Honda,87613,Petrol,Second Owner,449655
Honda,129335,CNG,First Owner,493850
Maruti,10831,Diesel,Third Owner,323933
Honda,79583,Diesel,Second Owner,486145
Ford,141951,Diesel,Third Owner,389936
Nissan,129195,Diesel,First Owner,400173
Hyundai,70527,CNG,Third Owner,432329
Nissan,84799,Petrol,Second Owner,348594
MG,46954,Diesel,Third Owner,904769
Maruti,188322,Petrol,Second Owner,248577
Honda,16787,Diesel,Second Owner,472484
Ford,188614,Diesel,Second Owner,356881
Tata,16484,Petrol,First Owner,401006
Kia,84710,Diesel,Second Owner,810371
Hyundai,177779,CNG,Third Owner,429131
Jeep,107564,Diesel,First Owner,928718
Hyundai,133989,Petrol,Third Owner,397448
Renault,88944,CNG,Second Owner,331623
MG,72116,Petrol,First Owner,913083
Kia,134362,Diesel,Second Owner,823234
Chevrolet,161824,CNG,First Owner,341939
Kia,155768,CNG,Third Owner,828393
Ford,121003,Petrol,First Owner,375460
Mahindra,115450,Petrol,Third Owner,516508
Chevrolet,97264,CNG,First Owner,364824
Kia,52176,Electric,Second Owner,817088
Jeep,40054,CNG,Third Owner,923886
Ford,127522,Electric,Second Owner,398281
Skoda,73518,Petrol,Third Owner,589869
MG,60348,Electric,Third Owner,918057
Jeep,191903,Diesel,First Owner,892507
Chevrolet,167201,Electric,Second Owner,340417
Renault,108345,Diesel,Second Owner,329186
Honda,148286,Electric,Third Owner,490306
Ford,80744,Diesel,First Owner,403436
Ford,40816,CNG,First Owner,371079
Jeep,21080,Electric,Third Owner,948731
Tata,10199,Diesel,Third Owner,399652
Mahindra,71518,CNG,First Owner,526940
Ford,29770,Petrol,First Owner,370240
Ford,175512,Electric,Third Owner,343641
Skoda,58972,Petrol,Second Owner,590202
Renault,81685,Diesel,First Owner,340800
Renault,132670,Petrol,Third Owner,351310
MG,64250,Petrol,Second Owner,902661
Toyota,50535,Electric,First Owner,662072
Skoda,157402,Diesel,Third Owner,589223
Hyundai,170965,Electric,First Owner,441799
Hyundai,40999,Petrol,First Owner,464646
Skoda,91773,Petrol,Second Owner,582708
Tata,54000,Petrol,Third Owner,386773
Maruti,123720,CNG,First Owner,278548
Renault,157495,Electric,First Owner,311332
Nissan,100984,Diesel,Second Owner,382584
Ford,71183,CNG,Second Owner,391819
Skoda,124742,Electric,Third Owner,561040
Nissan,174681,Petrol,Third Owner,350410
Renault,77473,Electric,Second Owner,315688
MG,139088,Petrol,Third Owner,890050
MG,112120,Diesel,First Owner,883333
Volkswagen,145510,Electric,First Owner,458487
Chevrolet,113274,Diesel,First Owner,366667
MG,155443,Electric,First Owner,896754
MG,25633,Petrol,Second Owner,905094
Chevrolet,106249,Diesel,Second Owner,366300
Honda,114079,CNG,Second Owner,481344
Mahindra,129561,CNG,First Owner,543298
Mahindra,57478,Diesel,First Owner,545242
Volkswagen,66197,Diesel,Third Owner,467492
Tata,18041,Electric,First Owner,417299
Maruti,87567,CNG,Third Owner,297397
Skoda,53431,Diesel,First Owner,609517
Skoda,124765,Electric,Second Owner,569648
Kia,17646,Electric,First Owner,873837
Jeep,61524,Petrol,Second Owner,944782
Volkswagen,139406,Electric,Second Owner,494988
Honda,161176,Petrol,First Owner,469356
Honda,146354,Petrol,Third Owner,440334
Hyundai,19626,Electric,First Owner,466914
Jeep,141452,Petrol,First Owner,960047
Maruti,74900,Electric,First Owner,268119
Honda,48097,Diesel,Third Owner,506367
Jeep,186736,Diesel,Third Owner,887412
Chevrolet,144469,Electric,Third Owner,359612
Kia,62484,CNG,Third Owner,805332
Hyundai,23273,Electric,First Owner,471190
Jeep,24663,Petrol,Third Owner,931458
Honda,68459,CNG,Second Owner,480883
Mahindra,163295,Petrol,Third Owner,535562
Hyundai,58786,Petrol,Third Owner,431227
Toyota,124475,Diesel,Third Owner,646797
Skoda,46160,Electric,Second Owner,602360
Renault,43538,CNG,Second Owner,325857
Honda,22084,Electric,First Owner,491156
Kia,72902,Petrol,First Owner,844691
Toyota,146154,Petrol,First Owner,655073
Nissan,109914,CNG,Second Owner,396101
Kia,79098,CNG,First Owner,844814
Skoda,47962,CNG,Second Owner,564905
Mahindra,191221,Diesel,First Owner,514530
Renault,198901,CNG,Third Owner,265769
Jeep,104654,Diesel,Third Owner,913824
Chevrolet,27708,Electric,First Owner,354056
Maruti,35811,CNG,Third Owner,274246
Jeep,63587,Diesel,First Owner,905983
Kia,178874,Electric,Second Owner,815931
MG,136329,Diesel,First Owner,855585
Skoda,50655,CNG,Second Owner,588038
Ford,44174,Petrol,First Owner,418819
Honda,166084,Diesel,Second Owner,479428
Mahindra,38468,Electric,Second Owner,550564
Maruti,190697,Diesel,Second Owner,277446
Jeep,118931,CNG,First Owner,936061
Toyota,150675,Diesel,First Owner,638895
MG,41132,Diesel,First Owner,911291
Toyota,85612,Diesel,Second Owner,655730
Kia,141498,Diesel,Second Owner,815944
Honda,134779,CNG,Second Owner,473452
Mahindra,35592,Electric,Third Owner,544308
Toyota,36453,CNG,Third Owner,675886
Mahindra,139449,Diesel,Third Owner,541975
Maruti,84503,CNG,Second Owner,268751
Renault,156189,Petrol,Second Owner,316943
Chevrolet,107433,Petrol,Third Owner,339412
Toyota,141685,CNG,Third Owner,695818
Ford,176829,Electric,First Owner,373944
Volkswagen,29001,Diesel,Second Owner,474241
Hyundai,117766,Diesel,First Owner,407394
Renault,94876,Diesel,Second Owner,351700
Volkswagen,42235,Diesel,Second Owner,486294
Hyundai,30312,CNG,Second Owner,417765
MG,128492,Electric,Third Owner,858539
Tata,95292,CNG,Second Owner,410804
Maruti,31905,CNG,First Owner,305664
Toyota,158282,Electric,First Owner,641467
Toyota,50510,CNG,First Owner,702603
Chevrolet,82886,Electric,Third Owner,344873
Volkswagen,163481,Electric,Third Owner,478904
MG,40715,Electric,First Owner,889162
Toyota,141121,CNG,Second Owner,674169
Kia,112166,Diesel,Third Owner,816182
Honda,71241,Petrol,Second Owner,501865
Tata,19325,Diesel,Third Owner,384038
Renault,85527,CNG,First Owner,332725
Nissan,78180,Petrol,Third Owner,402997
Ford,110631,Electric,Third Owner,384154
Ford,115486,CNG,Third Owner,388346
Skoda,85289,CNG,Third Owner,566702
Nissan,104661,Electric,Second Owner,374441
Mahindra,82257,Electric,First Owner,539162
Chevrolet,86027,CNG,Third Owner,380092
Kia,173366,CNG,Second Owner,829490
Tata,166053,CNG,First Owner,409583
Maruti,96134,Petrol,First Owner,273200
Ford,41061,Electric,Second Owner,386458
Kia,149957,Petrol,Second Owner,827204
Skoda,59643,Electric,First Owner,585710
Chevrolet,82675,Electric,Third Owner,379406
Toyota,87135,Diesel,First Owner,661950
Volkswagen,164842,Electric,Third Owner,477404
Toyota,93858,Electric,Second Owner,715342
Hyundai,107573,Electric,Third Owner,409212
Chevrolet,134336,CNG,Third Owner,377519
Mahindra,191723,CNG,First Owner,485495
Nissan,125606,CNG,First Owner,372396
Skoda,163234,Petrol,Second Owner,583922
Tata,98228,CNG,Second Owner,376741
Ford,193646,Petrol,First Owner,349408
Tata,168560,Petrol,Third Owner,350291
Volkswagen,135798,CNG,Second Owner,494313
Skoda,178362,Electric,First Owner,564612
Hyundai,187169,CNG,Second Owner,440688
Nissan,136682,Electric,First Owner,380998
Renault,88377,Petrol,First Owner,318725
MG,132310,Petrol,Second Owner,852531
Nissan,186005,CNG,Third Owner,376781
Volkswagen,39505,CNG,Third Owner,467477
Skoda,182034,Electric,Third Owner,535103
Nissan,52280,Electric,Second Owner,410933
Volkswagen,58093,CNG,First Owner,497040
Honda,37282,CNG,Third Owner,489398
Toyota,77286,Electric,Third Owner,671682
Maruti,178387,Petrol,First Owner,254068
MG,19672,Electric,First Owner,868912
Nissan,179982,Electric,Second Owner,376173
Chevrolet,81483,Diesel,Third Owner,342395
Hyundai,161859,Petrol,First Owner,445817
Jeep,126789,Diesel,Second Owner,890793
Tata,159303,Diesel,Second Owner,410851
Jeep,45081,Electric,Third Owner,950713
Maruti,84811,Petrol,Second Owner,260466
Skoda,25054,CNG,Third Owner,605871
Nissan,163826,Petrol,Third Owner,387540
Mahindra,139141,Diesel,First Owner,523718
Hyundai,100628,CNG,Second Owner,422206
Kia,39181,Electric,Second Owner,871342
Hyundai,184958,CNG,Third Owner,408929
Skoda,181765,Electric,Second Owner,568538
Volkswagen,37999,Electric,Second Owner,481915
Honda,152133,Petrol,Second Owner,482848
Mahindra,73802,Petrol,Third Owner,532034
Kia,103652,CNG,Third Owner,833042
Skoda,39877,Diesel,Second Owner,611302
Honda,84695,Electric,Second Owner,473149
Hyundai,178996,Electric,Second Owner,433487
Jeep,158346,Diesel,Second Owner,931362
Maruti,59205,CNG,Third Owner,309926
Honda,27339,CNG,Third Owner,485970
Renault,53483,Petrol,Third Owner,348988
Tata,22407,CNG,Second Owner,378737
Ford,160643,Electric,Second Owner,379649
Volkswagen,182546,Petrol,Second Owner,465551
Jeep,151113,Diesel,Second Owner,935513
Nissan,192140,Electric,First Owner,371261
Mahindra,125788,Electric,Third Owner,491818
Volkswagen,107997,Diesel,Third Owner,499496
Ford,157988,Petrol,Third Owner,351655
Toyota,45218,Electric,Third Owner,688790
Tata,173047,CNG,First Owner,366953
Honda,163604,Petrol,First Owner,458175
Ford,197198,Electric,Third Owner,351039
Honda,83884,Diesel,Second Owner,479059
Chevrolet,39979,Electric,First Owner,396825
MG,104252,Diesel,First Owner,900464
Toyota,169586,CNG,Third Owner,662523
Renault,91145,CNG,Second Owner,322404
Maruti,186645,Electric,Second Owner,260505
Chevrolet,23044,Petrol,Third Owner,358599
Volkswagen,35873,CNG,Second Owner,480019
Kia,42531,Diesel,Third Owner,816229
Tata,20515,Electric,First Owner,395488
Toyota,90120,CNG,Second Owner,692851
Maruti,150905,CNG,First Owner,281207
Jeep,186657,Petrol,First Owner,945926
Renault,24970,Diesel,First Owner,342070
Nissan,157456,Electric,Second Owner,344314
MG,55676,Electric,Third Owner,911762
Nissan,75771,Electric,Second Owner,362032
Volkswagen,42654,Diesel,Second Owner,461956
Nissan,166780,Electric,Third Owner,376512
Volkswagen,119207,Diesel,Second Owner,472897
Volkswagen,119978,Diesel,First Owner,448764
Mahindra,112969,Diesel,First Owner,491845
Honda,156750,CNG,Third Owner,478546
Ford,189733,Electric,Third Owner,379096
Tata,134004,Electric,First Owner,394253
Mahindra,63938,Diesel,Third Owner,553498
Ford,84464,Diesel,Third Owner,373166
MG,16766,Diesel,Second Owner,872910
Volkswagen,39062,Diesel,Second Owner,515504
Renault,20769,Electric,First Owner,361234
Kia,19303,CNG,Third Owner,868330
Hyundai,160431,Petrol,First Owner,403604
Toyota,104967,Electric,Second Owner,658058
Hyundai,188837,Diesel,Second Owner,407385
Chevrolet,107241,Diesel,Second Owner,373751
Honda,16237,CNG,Second Owner,497043
Jeep,183152,Electric,Second Owner,927018
Mahindra,88724,Diesel,Second Owner,545599
Skoda,184250,CNG,First Owner,548511
Mahindra,165967,CNG,First Owner,510883
MG,93627,Petrol,First Owner,856188
MG,69050,Diesel,Second Owner,868007
Tata,122244,Electric,Third Owner,345523
Kia,137371,Electric,Third Owner,845043
Maruti,195004,Diesel,First Owner,274037
Jeep,168411,CNG,Third Owner,923382
Mahindra,121762,Electric,Second Owner,559184
Jeep,124121,Petrol,First Owner,929152
Hyundai,51367,CNG,Third Owner,465608
Skoda,10529,CNG,First Owner,599936
Maruti,150746,Diesel,First Owner,289117
Chevrolet,93842,Petrol,First Owner,343768
Chevrolet,70636,CNG,Third Owner,355146
Chevrolet,176075,Petrol,Second Owner,342471
Maruti,95146,Diesel,First Owner,294335
Tata,118627,Diesel,First Owner,381762
Kia,176386,CNG,Third Owner,820880
Honda,171765,Petrol,Second Owner,427063
Chevrolet,119868,Electric,Third Owner,368102
Skoda,85763,CNG,Second Owner,576329
Renault,86702,Petrol,First Owner,329648
Chevrolet,156086,CNG,First Owner,352835
Skoda,123864,Electric,First Owner,612337
Renault,66399,Diesel,Third Owner,349748
Maruti,193174,CNG,Third Owner,257769
Skoda,20167,Electric,Third Owner,612045
Jeep,10780,Petrol,First Owner,942495
Jeep,115067,Diesel,Second Owner,940580
Tata,149455,Petrol,Second Owner,394718
Ford,73288,Electric,Second Owner,394475
Ford,190991,Petrol,First Owner,390939
Kia,187606,Diesel,First Owner,808303
Tata,174776,CNG,Second Owner,354594
Maruti,79976,Diesel,Second Owner,317684
Hyundai,68561,Electric,First Owner,416178
Kia,59697,Diesel,Second Owner,822515
Skoda,183381,Electric,Third Owner,593239
Honda,183900,CNG,Second Owner,446734
Tata,125369,Diesel,First Owner,393734
Skoda,189597,Diesel,Second Owner,555973
Tata,10496,Diesel,Second Owner,370180
Jeep,139407,CNG,Second Owner,911665
MG,128055,Electric,Second Owner,881384
MG,168180,Diesel,Second Owner,862243
Mahindra,30372,Electric,First Owner,562173
Tata,41872,Petrol,Third Owner,375100
Maruti,93874,CNG,Second Owner,270253
Volkswagen,91466,Electric,Second Owner,458137
Volkswagen,87035,Diesel,First Owner,496108
Toyota,48745,Petrol,Second Owner,673768
Chevrolet,88893,Petrol,First Owner,367749
Ford,43959,Diesel,Second Owner,371108
Honda,42569,CNG,Second Owner,503993
Nissan,19056,Diesel,First Owner,375461
Renault,119264,CNG,Third Owner,324325
Toyota,106772,Petrol,Second Owner,701302
Maruti,71230,Electric,Second Owner,279368
Ford,63422,CNG,First Owner,402382
MG,100213,CNG,Third Owner,894259
Jeep,96917,Petrol,Third Owner,944575
Tata,199988,CNG,First Owner,387180
Ford,17964,Electric,First Owner,370754
Tata,166592,Petrol,First Owner,368006
Ford,184034,Petrol,First Owner,359181
MG,140094,Petrol,Third Owner,865798
Renault,193449,Electric,Third Owner,340840
Tata,149370,Petrol,Third Owner,404621
Volkswagen,153841,Petrol,First Owner,464769
Ford,192996,Petrol,First Owner,337652
Volkswagen,95645,Electric,Third Owner,507388
Renault,34381,Diesel,Third Owner,348498
Tata,121781,Electric,Third Owner,351408
Chevrolet,197926,Diesel,Third Owner,300664
Skoda,184340,Electric,Second Owner,553868
Ford,38007,CNG,Third Owner,373212
Maruti,28310,Electric,Third Owner,324055
Volkswagen,115345,Electric,First Owner,497165
Skoda,185747,Diesel,First Owner,590953
Volkswagen,154964,Petrol,Third Owner,459147
Renault,127802,CNG,Third Owner,358736
Volkswagen,46133,Electric,Second Owner,473285
Nissan,157544,Diesel,First Owner,382076
Ford,194631,Petrol,First Owner,355546
Renault,163863,Diesel,First Owner,324921
Jeep,33300,Petrol,First Owner,926425
MG,145955,CNG,First Owner,868914
Maruti,11316,CNG,Third Owner,317022
Hyundai,190129,Diesel,Second Owner,433502
Hyundai,58821,Petrol,First Owner,406328
Ford,128515,Diesel,Third Owner,344149
Ford,191953,CNG,Third Owner,361430
Kia,108378,CNG,Third Owner,846931
Ford,110419,Petrol,Second Owner,351553
Tata,193575,CNG,Second Owner,370291
Renault,180870,Electric,Second Owner,308757
Mahindra,111361,Petrol,First Owner,526045
Mahindra,100699,CNG,Second Owner,526719
Mahindra,92133,Petrol,Second Owner,531082
MG,68911,Petrol,Second Owner,897037
Ford,79486,Electric,Second Owner,351566
Chevrolet,48521,Petrol,Third Owner,359357
Volkswagen,180766,Diesel,Third Owner,433710
Chevrolet,189700,CNG,First Owner,353620
Chevrolet,142919,CNG,Second Owner,346002
Maruti,78814,Petrol,First Owner,262009
Jeep,14451,Petrol,Second Owner,946831
Tata,57635,Electric,Third Owner,399335
Tata,186397,CNG,Third Owner,335180
Chevrolet,18661,CNG,Third Owner,398163
Ford,141169,CNG,Third Owner,336902
Kia,154987,CNG,First Owner,850410
Chevrolet,164274,Diesel,First Owner,346479
Skoda,29937,Diesel,First Owner,596405
Nissan,31272,CNG,First Owner,392769
Mahindra,74821,Petrol,Second Owner,515026
Honda,46991,Petrol,Third Owner,467519
Ford,53015,Electric,Third Owner,384721
Nissan,122915,Diesel,First Owner,374445
Hyundai,116098,Petrol,First Owner,423003
Honda,144132,CNG,Third Owner,465664
Honda,33615,Diesel,Third Owner,507219
Maruti,35927,Electric,Second Owner,283970
Ford,160771,Diesel,First Owner,374782
Ford,88226,CNG,Second Owner,365607
Ford,158023,Petrol,Third Owner,369471
Toyota,129377,CNG,Second Owner,646243
Kia,27136,Petrol,Third Owner,869832
Jeep,158684,CNG,Third Owner,915900
Chevrolet,53943,Electric,First Owner,378699
Chevrolet,20463,Diesel,Third Owner,391087
Skoda,155306,CNG,First Owner,598222
Skoda,40765,Petrol,Third Owner,579131
Chevrolet,140224,CNG,Third Owner,339233
Toyota,100623,CNG,Third Owner,665442
Toyota,71195,Petrol,First Owner,702959
Honda,54656,Petrol,First Owner,457675
Renault,42113,Electric,Second Owner,329539
Volkswagen,147996,Electric,Third Owner,476957
Mahindra,83934,CNG,First Owner,516828
Maruti,51152,Diesel,Third Owner,272222
Hyundai,144744,Diesel,First Owner,454305
Maruti,186647,Electric,Third Owner,236425
Honda,71336,Petrol,Second Owner,462435
Nissan,64900,CNG,First Owner,369591
Nissan,140468,CNG,Second Owner,381207
Tata,80797,Diesel,First Owner,404243
Skoda,41344,Petrol,First Owner,570936
MG,195578,Diesel,First Owner,848496
Mahindra,118281,Diesel,Second Owner,541664
Ford,19123,Electric,Second Owner,371895
Ford,25838,Petrol,Third Owner,411858
Honda,81054,Electric,Second Owner,455977
Kia,171353,Electric,First Owner,793523
MG,110801,Diesel,Second Owner,862713
Skoda,168305,Diesel,Second Owner,568780
Honda,188468,CNG,First Owner,478856
Chevrolet,158855,Diesel,Third Owner,335400
Mahindra,63241,Diesel,First Owner,562780
Chevrolet,153400,Electric,Third Owner,351208
Nissan,192881,Diesel,Second Owner,358177
Honda,16223,Electric,First Owner,484178
Toyota,61337,Petrol,First Owner,676742
Skoda,140057,Petrol,Third Owner,558008
MG,101576,CNG,Third Owner,882099
Skoda,48458,Electric,Third Owner,615313
Skoda,188710,CNG,First Owner,606823
MG,75753,CNG,First Owner,916133
Toyota,92155,Petrol,First Owner,675803
Nissan,147951,Petrol,Second Owner,395738
Skoda,133990,Petrol,Second Owner,587851
Ford,75408,CNG,Third Owner,360280
Renault,153938,CNG,First Owner,304045
MG,181660,Diesel,Third Owner,859839
Chevrolet,83718,CNG,Second Owner,350181
MG,103816,Diesel,First Owner,911161
Skoda,125238,Electric,Second Owner,587551
Nissan,15133,Petrol,First Owner,386155
Hyundai,43790,CNG,First Owner,411034
Kia,105947,CNG,Third Owner,816817
Tata,19894,Petrol,Second Owner,385973
Skoda,175626,Petrol,First Owner,531483
Honda,127157,CNG,Second Owner,460479
Ford,68579,Petrol,Second Owner,363956
Chevrolet,136438,Diesel,Second Owner,314642
MG,196219,CNG,Third Owner,879771
Maruti,12501,Petrol,First Owner,306241
Maruti,63902,Electric,Second Owner,302847
Volkswagen,15373,Diesel,Third Owner,475728
Toyota,42830,Electric,Third Owner,711940
Mahindra,66919,CNG,First Owner,530304
Maruti,178548,Electric,Second Owner,257672
Maruti,177255,CNG,Second Owner,267992
Maruti,186903,Petrol,Second Owner,275378
Renault,56227,CNG,Third Owner,343731
Tata,157522,Petrol,Third Owner,338699
Chevrolet,24241,CNG,Third Owner,351595
Ford,53769,CNG,First Owner,393809
Hyundai,134750,Petrol,Third Owner,420079
Ford,155218,Petrol,Second Owner,366727
Skoda,100087,Petrol,Third Owner,591613
Nissan,159038,CNG,Third Owner,354688
Jeep,38341,Petrol,Third Owner,936286
Ford,18243,Diesel,Second Owner,369731
Mahindra,89698,Electric,First Owner,540243
Hyundai,101852,Diesel,Second Owner,401491
Maruti,111792,Electric,First Owner,275013
Nissan,54893,Diesel,Third Owner,369805
Mahindra,12144,Diesel,First Owner,568951
Maruti,81550,Electric,Second Owner,287244
Tata,147260,CNG,Third Owner,373063
Ford,37141,Electric,Third Owner,396400
Skoda,144143,Electric,Second Owner,533856
Honda,147239,CNG,Second Owner,499209
Ford,131305,CNG,Third Owner,397935
Chevrolet,188028,Petrol,Third Owner,356764
Hyundai,32735,Petrol,Third Owner,425748
MG,135702,CNG,Third Owner,892892
Volkswagen,199386,Electric,First Owner,474401
Volkswagen,11019,Diesel,Second Owner,491191
Chevrolet,52889,Diesel,First Owner,359544
Skoda,106185,Diesel,First Owner,585471
Tata,147031,Petrol,Third Owner,392129
Hyundai,114133,CNG,First Owner,442127
Mahindra,30225,Electric,Third Owner,557790
Tata,149176,Electric,First Owner,345806
Ford,164190,Petrol,Third Owner,364704
Hyundai,170057,Diesel,Third Owner,413596
Honda,94987,Diesel,First Owner,490589
Toyota,159025,Diesel,Second Owner,697366
Mahindra,61098,Petrol,Second Owner,543419
Honda,86788,CNG,Third Owner,499440
Hyundai,178546,Electric,Third Owner,417213
Kia,14361,Electric,Third Owner,824298
Chevrolet,75521,Petrol,Third Owner,341613
Hyundai,90849,Petrol,Second Owner,434762
Renault,126871,Diesel,Third Owner,339421
Nissan,164545,Electric,Second Owner,347664
Kia,29649,Electric,Third Owner,864942
Skoda,151187,CNG,First Owner,590939
Maruti,116542,Petrol,First Owner,262932
Honda,12400,Electric,First Owner,491109
Chevrolet,109180,Electric,First Owner,330179
Ford,63420,Petrol,First Owner,416181
Jeep,182175,Petrol,Third Owner,946901
Toyota,162582,Petrol,First Owner,695506
Skoda,179995,Electric,First Owner,550501
Jeep,131063,CNG,First Owner,891145
Toyota,108299,CNG,Second Owner,706311
Honda,195697,Diesel,Third Owner,464568
Honda,112452,Petrol,Third Owner,491654
Hyundai,50397,Electric,Third Owner,442318
Kia,94406,Petrol,Third Owner,819918
Hyundai,15318,Electric,First Owner,474060
Honda,164810,Electric,Third Owner,493195
Hyundai,161853,Diesel,First Owner,451224
Toyota,189240,Diesel,Second Owner,649404
Maruti,91726,CNG,First Owner,271939
Volkswagen,107491,Diesel,First Owner,458250
Skoda,56457,Electric,Second Owner,584324
Chevrolet,184836,CNG,Second Owner,321668
Renault,89027,Diesel,Third Owner,332817
Hyundai,142355,Petrol,Second Owner,434231
Hyundai,98133,Electric,Third Owner,433361
Kia,143674,CNG,Third Owner,811064
Hyundai,25909,Petrol,First Owner,421014
Chevrolet,68971,Diesel,First Owner,371649
Mahindra,64511,Petrol,First Owner,510309
Skoda,53351,CNG,First Owner,615784
Hyundai,63889,Petrol,Second Owner,427848
Ford,75559,CNG,Third Owner,377835
Maruti,155726,Petrol,First Owner,263695
Maruti,84073,Petrol,First Owner,261546
Chevrolet,142813,CNG,Third Owner,373006
Skoda,140938,Petrol,Third Owner,576701
Kia,20073,Petrol,Second Owner,869740
Jeep,41729,Diesel,Third Owner,962083
Skoda,173489,CNG,First Owner,553872
Toyota,125658,Electric,Second Owner,674532
Renault,188520,Petrol,Third Owner,293465
Ford,162972,Diesel,Second Owner,352818
MG,131002,Petrol,Second Owner,896229
Toyota,164761,CNG,First Owner,661292
Toyota,113133,Electric,Second Owner,664648
Jeep,47567,Diesel,First Owner,943710
Ford,184107,Diesel,Second Owner,374135
Kia,139145,Petrol,First Owner,850831
Mahindra,24505,CNG,First Owner,564690
MG,18959,CNG,Third Owner,918206
Maruti,153059,Petrol,Third Owner,289524
MG,42306,Petrol,Second Owner,912315
Volkswagen,43847,Electric,Second Owner,512956
Hyundai,175754,Petrol,First Owner,436198
Chevrolet,97705,CNG,Second Owner,338977
Chevrolet,113030,CNG,Second Owner,356694
Chevrolet,106609,Diesel,First Owner,347317
Honda,112583,CNG,Third Owner,512521
Toyota,49168,Petrol,Second Owner,674613
Skoda,85183,CNG,First Owner,555229
Renault,146958,Petrol,Second Owner,334323
Ford,50887,Petrol,First Owner,411366
Honda,195362,CNG,First Owner,465842
MG,22079,CNG,Third Owner,882284
Honda,16266,Petrol,Second Owner,525105
Nissan,97251,Petrol,Third Owner,368320
Mahindra,129973,Petrol,Third Owner,510200
Jeep,148684,Electric,Second Owner,934924
Mahindra,82511,Diesel,Second Owner,537835
Tata,28495,Petrol,Third Owner,418299
Tata,40454,Electric,Second Owner,392972
Renault,27032,CNG,Third Owner,312220
Chevrolet,117341,Petrol,Second Owner,377157
Maruti,92600,Electric,Third Owner,271800
Mahindra,28750,Petrol,Second Owner,571995
MG,170495,Petrol,First Owner,865002
Mahindra,156524,Electric,Second Owner,524155
Ford,85195,Diesel,First Owner,354983
Hyundai,94862,Diesel,First Owner,431529
Toyota,132507,Diesel,Third Owner,708584
Chevrolet,139483,Petrol,Third Owner,384067
Jeep,72567,Diesel,Second Owner,935121
Maruti,93823,Diesel,Third Owner,276061
Honda,176972,CNG,First Owner,477474
MG,198706,Diesel,First Owner,828714
Maruti,82975,CNG,First Owner,287721
MG,135956,CNG,Third Owner,882630
Volkswagen,111028,Petrol,First Owner,457256
Maruti,85964,Petrol,Second Owner,282389
Hyundai,11060,Petrol,First Owner,469200
Ford,134656,Diesel,Third Owner,377195
Mahindra,104057,Electric,Third Owner,561278
Hyundai,58011,Electric,First Owner,427628
Volkswagen,163883,Electric,First Owner,474356
Jeep,160197,Electric,Second Owner,896329
Chevrolet,120878,Electric,Third Owner,337114
Ford,189504,Petrol,First Owner,370413
Honda,128285,Electric,Second Owner,468655
Chevrolet,112803,CNG,Second Owner,350642
Kia,160968,Diesel,Second Owner,812138
Jeep,104279,Diesel,Second Owner,910889
Renault,53739,Electric,Third Owner,348701
Ford,26423,Electric,Third Owner,375430
Kia,36262,Diesel,Second Owner,822818
Tata,168096,CNG,Third Owner,349689
Maruti,88305,Electric,Third Owner,289013
Skoda,118167,CNG,Third Owner,545110
Renault,69840,Petrol,First Owner,353816
Ford,40585,Petrol,Second Owner,398687
Kia,84668,Electric,Third Owner,857598
Nissan,160593,Diesel,First Owner,352037
Hyundai,134250,Electric,Second Owner,410959
Nissan,62144,Diesel,Second Owner,415433
Tata,20260,Electric,Second Owner,381866
Honda,95111,Petrol,Second Owner,449507
Jeep,72877,Petrol,First Owner,945741
Mahindra,36604,Diesel,Third Owner,571774
Toyota,197125,Diesel,Second Owner,646113
Renault,87173,CNG,First Owner,342773
Chevrolet,95266,Petrol,First Owner,388253
Nissan,33544,Diesel,Third Owner,410301
Chevrolet,85768,Diesel,Third Owner,363934
Toyota,107299,Petrol,Second Owner,700894
Hyundai,138407,Electric,Second Owner,440136
MG,47300,Petrol,Second Owner,881428
Renault,30589,CNG,Second Owner,337363
Honda,18047,Petrol,First Owner,505347
Mahindra,103805,CNG,First Owner,534511
Toyota,138257,Electric,Third Owner,662328
Mahindra,173555,Petrol,Second Owner,518334
Honda,57782,Diesel,Third Owner,515495
Skoda,146929,Diesel,First Owner,591966
MG,137202,Electric,First Owner,861783
Hyundai,144559,Diesel,First Owner,405852
MG,64446,CNG,First Owner,910405
Chevrolet,157380,Petrol,Third Owner,337820
Maruti,88547,Diesel,Second Owner,285559
Toyota,155738,Electric,First Owner,653367
Nissan,18934,Diesel,First Owner,371055
Chevrolet,41685,CNG,Third Owner,354021
Renault,177920,Diesel,First Owner,310275
Hyundai,157485,Electric,First Owner,423022
Nissan,173085,Electric,Second Owner,387395
Chevrolet,33826,CNG,Second Owner,375553
Skoda,39677,CNG,Third Owner,580805
Ford,94686,Electric,Third Owner,364989
Hyundai,121537,Diesel,First Owner,403550
Jeep,126655,Electric,Third Owner,946212
Mahindra,77218,Electric,Second Owner,552115
Mahindra,169851,Electric,Second Owner,558738
Chevrolet,173354,Diesel,First Owner,352034
Nissan,181103,Diesel,Second Owner,327705
Maruti,186803,Diesel,Third Owner,264298
Hyundai,94022,Petrol,First Owner,402979
Hyundai,88338,Electric,Second Owner,455112
Mahindra,179841,Petrol,First Owner,512489
Chevrolet,155366,Petrol,Third Owner,347378
Nissan,137312,Electric,Second Owner,406054
Volkswagen,30631,CNG,First Owner,508174
Toyota,47422,Petrol,First Owner,716774
Hyundai,53676,CNG,First Owner,408533
Jeep,101120,Electric,Third Owner,966948
Volkswagen,170545,Diesel,First Owner,465611
Nissan,111889,Electric,Second Owner,390096
Jeep,23558,Electric,First Owner,921202
Hyundai,171675,Electric,First Owner,437283
Volkswagen,119148,Electric,Second Owner,466402
Volkswagen,15690,CNG,Third Owner,515513
Maruti,101029,CNG,Second Owner,278192
Chevrolet,169722,Electric,First Owner,370213
Volkswagen,188260,Electric,Second Owner,471143
Skoda,186483,Electric,Second Owner,554554
Tata,142041,Petrol,Third Owner,390042
Kia,55395,Diesel,Third Owner,861231
Tata,36200,CNG,Second Owner,363716
Maruti,34707,Electric,First Owner,274532
Toyota,98748,Electric,Third Owner,694015
Ford,150992,Petrol,Third Owner,386122
Renault,25213,Diesel,First Owner,330626
Chevrolet,122832,Diesel,Second Owner,376129
Hyundai,121238,Diesel,Third Owner,445323
Hyundai,57804,Diesel,Third Owner,434131
Ford,87608,Electric,Second Owner,397989
Hyundai,33432,Petrol,First Owner,423194
Mahindra,149609,Diesel,Second Owner,518894
Ford,156397,Diesel,Third Owner,352109
Maruti,41887,Petrol,Third Owner,299654
Honda,81658,CNG,Second Owner,489350
Mahindra,117769,Diesel,Second Owner,548427
Maruti,80615,CNG,Second Owner,272023
Mahindra,83152,Petrol,Third Owner,537805
Maruti,144190,Electric,Third Owner,284570
Jeep,144158,Electric,Second Owner,925428
Mahindra,18082,Petrol,First Owner,543426
Hyundai,31371,CNG,First Owner,474296
Ford,168340,Electric,Third Owner,358199
Renault,149546,CNG,Second Owner,328655
Honda,133089,Petrol,First Owner,492224
Jeep,101936,Petrol,Second Owner,948387
MG,173927,Electric,Third Owner,872085
Skoda,198721,CNG,Third Owner,550346
MG,197661,CNG,Third Owner,841927
Chevrolet,84875,Petrol,Second Owner,380932
Chevrolet,20997,CNG,Third Owner,353875
Skoda,154231,Diesel,Second Owner,531284
Hyundai,134006,CNG,First Owner,429015
Volkswagen,54424,Diesel,Second Owner,500109
Honda,49993,CNG,Second Owner,492721
Kia,194292,Petrol,First Owner,773689
Chevrolet,23788,Petrol,Third Owner,361769
Toyota,141582,Electric,First Owner,671587
Kia,149716,Petrol,Third Owner,829767
Ford,15473,Electric,First Owner,388850
Jeep,191754,Petrol,Second Owner,904733
Toyota,69008,Diesel,Third Owner,707134
Volkswagen,28406,Diesel,First Owner,474066
Toyota,52615,Petrol,Second Owner,671785
Honda,125229,Diesel,Second Owner,443795
Tata,10976,Electric,First Owner,421423
MG,82707,Electric,Third Owner,878609
Maruti,138567,CNG,Second Owner,256272
Nissan,65894,CNG,First Owner,376650
Nissan,171107,Diesel,First Owner,396076
Maruti,188658,CNG,Third Owner,259415
Mahindra,78889,Petrol,Third Owner,541738
Honda,74257,CNG,First Owner,461746
Honda,33449,Diesel,Second Owner,505237
Nissan,177152,Petrol,Second Owner,384271
Tata,83979,CNG,Third Owner,377446
Mahindra,151857,Diesel,First Owner,528598
Hyundai,160318,CNG,First Owner,413463
Ford,79456,Diesel,Second Owner,381572
Skoda,45101,Diesel,Second Owner,592986
Jeep,106665,Electric,Second Owner,947761
Renault,69172,Electric,Third Owner,342094
Honda,65366,Electric,First Owner,502953
Ford,156394,Diesel,Third Owner,367447
Volkswagen,37226,Petrol,Second Owner,511701
Kia,87602,Petrol,First Owner,842224
Volkswagen,58018,Electric,First Owner,474640
Kia,82857,Electric,Third Owner,862838
Nissan,183473,Electric,First Owner,358864
Jeep,75310,Electric,First Owner,924145
Toyota,197705,CNG,Second Owner,623705
Kia,13684,CNG,Second Owner,865707
Chevrolet,94073,CNG,Third Owner,367489
Skoda,36248,Petrol,Third Owner,608393
Maruti,63963,Electric,Third Owner,299413
Ford,177906,CNG,Second Owner,384955
Nissan,35994,CNG,First Owner,380277
Mahindra,87386,Diesel,Second Owner,506344
Tata,176895,Petrol,Third Owner,366875
MG,95091,Electric,Third Owner,877899
Hyundai,113079,Electric,Third Owner,452808
Toyota,23033,CNG,Third Owner,710898
Kia,12856,Petrol,Third Owner,854407
Honda,99455,Electric,Third Owner,475854
Nissan,176386,Electric,First Owner,390184
Jeep,20700,CNG,Third Owner,927443
Ford,199825,Petrol,Second Owner,336494
Toyota,127426,Petrol,First Owner,693818
Honda,125895,Electric,Second Owner,481256
Skoda,120976,Electric,Second Owner,612231
Chevrolet,92964,Diesel,Third Owner,325233
Skoda,198273,CNG,Second Owner,560060
Toyota,66857,Electric,Third Owner,678064
Chevrolet,36358,CNG,First Owner,388864
Skoda,185798,Petrol,First Owner,539881
Nissan,12642,Diesel,First Owner,405223
Maruti,10220,Electric,Third Owner,297501
Maruti,91192,Electric,Third Owner,251758
MG,68968,CNG,Third Owner,866676
Jeep,39882,CNG,Second Owner,918700
Chevrolet,22564,CNG,Second Owner,360710
Maruti,188419,CNG,First Owner,293558
Jeep,105442,Petrol,Third Owner,931215
Chevrolet,119141,Diesel,First Owner,386872
Ford,106909,Diesel,First Owner,396247
MG,137090,CNG,Third Owner,868343
Kia,171772,Diesel,Third Owner,782428
Tata,52133,Electric,First Owner,406112
Mahindra,163677,CNG,Third Owner,531002
Ford,117603,Electric,Second Owner,378209
Renault,68454,Electric,Third Owner,345278
Chevrolet,132663,Diesel,First Owner,335715
Kia,98559,Diesel,First Owner,822460
Jeep,122051,Petrol,Second Owner,908114
MG,198760,CNG,Third Owner,862987
Jeep,91263,CNG,First Owner,904577
MG,61037,Diesel,First Owner,911052
MG,52663,Electric,Second Owner,895363
Toyota,170776,Electric,Second Owner,677558
Toyota,119931,Petrol,Third Owner,700921
Tata,113736,Petrol,First Owner,398293
Kia,194808,Petrol,Third Owner,821879
Volkswagen,173362,Diesel,First Owner,446366
Renault,80851,Petrol,First Owner,309006
Renault,67221,Diesel,First Owner,346562
Toyota,83660,Electric,Third Owner,682085
Maruti,22627,Electric,Third Owner,266142
Chevrolet,70636,CNG,First Owner,347711
Hyundai,193723,Electric,First Owner,412078
Renault,123651,Diesel,Second Owner,353027
Nissan,86952,CNG,Second Owner,407533
Nissan,27959,Electric,Third Owner,423046
Tata,144445,CNG,First Owner,366746
Honda,34763,Diesel,First Owner,509994
Maruti,104193,Electric,First Owner,284386
Chevrolet,62396,CNG,Second Owner,376999
Ford,69938,Petrol,Third Owner,366112
Maruti,86995,Petrol,Second Owner,309217
Jeep,103685,Petrol,Third Owner,923161
Nissan,67321,CNG,Third Owner,374149
Hyundai,126640,Electric,First Owner,409905
Chevrolet,192400,Petrol,Third Owner,334289
Volkswagen,104340,Petrol,First Owner,503647
Kia,141335,Petrol,Second Owner,812133
Toyota,118703,Electric,Third Owner,677456
MG,132677,Petrol,First Owner,894512
Ford,196101,Electric,First Owner,359762
Nissan,79941,Electric,First Owner,364386
Mahindra,106819,Diesel,First Owner,534722
MG,192413,Electric,Third Owner,875830
Mahindra,53566,CNG,Second Owner,513262
Hyundai,72401,Petrol,Third Owner,427288
Ford,90020,CNG,Second Owner,397271
Toyota,22118,Diesel,First Owner,703113
Jeep,153819,CNG,Second Owner,905573
Honda,93640,Electric,First Owner,488627
Mahindra,101149,Diesel,First Owner,530286
Volkswagen,165306,Diesel,Second Owner,459931
Volkswagen,155531,Diesel,Third Owner,451625
Hyundai,13172,CNG,Third Owner,443027
Volkswagen,104853,Electric,First Owner,503227
Volkswagen,58447,Diesel,First Owner,478193
Mahindra,178682,Electric,Third Owner,500569
Chevrolet,53434,Diesel,First Owner,347284
Tata,96424,Petrol,Third Owner,397847
MG,13628,CNG,Second Owner,917514
Honda,27879,Electric,Second Owner,518128
Toyota,66121,Petrol,First Owner,662728
Skoda,32082,CNG,Third Owner,563085
Nissan,119462,CNG,Second Owner,370177
Toyota,64933,Electric,Second Owner,668865
Hyundai,152049,Electric,Third Owner,422890
Toyota,46964,CNG,Third Owner,684338
Chevrolet,165898,Petrol,Second Owner,386724
Toyota,195711,CNG,Third Owner,625864
Honda,38216,Petrol,Third Owner,488286
Tata,28666,Electric,Second Owner,415988
Maruti,129375,Diesel,Second Owner,279735
MG,189707,Petrol,First Owner,849236
Toyota,40655,CNG,Third Owner,712311
Skoda,43749,CNG,First Owner,578327
Tata,185379,CNG,Second Owner,328317
Toyota,171773,Petrol,Second Owner,671051
Volkswagen,57535,Diesel,First Owner,514968
Honda,33516,Electric,Second Owner,513315
Hyundai,88098,Petrol,First Owner,458493
Skoda,61040,Petrol,Second Owner,613221
Tata,195813,CNG,Third Owner,379553
Hyundai,112779,Diesel,Third Owner,452879
Hyundai,114585,Electric,First Owner,411980
Toyota,134106,Electric,Second Owner,667884
Maruti,137188,Petrol,First Owner,287592
Mahindra,185285,CNG,Third Owner,533359
Tata,107538,Petrol,Second Owner,386131
Nissan,10225,Electric,Second Owner,417499
Ford,78588,Electric,Second Owner,402390
Skoda,77051,Petrol,First Owner,594030
Kia,65272,CNG,Second Owner,852076
Skoda,176721,CNG,Second Owner,599394
Maruti,143643,Electric,Second Owner,270484
Volkswagen,169155,Diesel,First Owner,485119
Tata,45729,Diesel,Third Owner,368741
Chevrolet,131791,Electric,First Owner,384158
Kia,155262,Diesel,Third Owner,837578
Maruti,75929,Electric,Third Owner,300253
Toyota,91437,Electric,First Owner,676653
Hyundai,123544,Diesel,Second Owner,413207
Renault,165827,Diesel,First Owner,318346
Skoda,196590,CNG,Second Owner,543702
Ford,43043,Electric,First Owner,360278
Ford,132562,CNG,Second Owner,358931
Chevrolet,73000,CNG,Second Owner,374123
Chevrolet,88173,CNG,Second Owner,384980
Jeep,18918,Electric,Third Owner,966304
Honda,44198,CNG,Second Owner,477346
Skoda,48954,Petrol,Second Owner,601875
Nissan,95654,Petrol,Second Owner,350057
Nissan,124219,Electric,Third Owner,399886
Skoda,165184,Diesel,Second Owner,593015
Renault,61845,Diesel,First Owner,345048
Toyota,146425,Electric,Third Owner,695932
Chevrolet,135315,Petrol,First Owner,358766
Nissan,64496,CNG,Third Owner,396971
MG,67532,Petrol,Third Owner,879061
Jeep,94459,Petrol,Third Owner,919563
Honda,96577,Electric,First Owner,494842
Toyota,136157,Electric,First Owner,652413
Maruti,71832,Petrol,Second Owner,271267
Toyota,106277,CNG,Third Owner,655926
Volkswagen,133820,Diesel,First Owner,479601
Toyota,86261,Diesel,Second Owner,685860
Nissan,65087,Diesel,First Owner,377816
Kia,93763,Diesel,Second Owner,806765
Tata,130486,CNG,First Owner,373779
Tata,95541,Diesel,Third Owner,384992
MG,50194,Diesel,Third Owner,883337
Mahindra,15753,Electric,First Owner,564440
Toyota,149218,Electric,Second Owner,662370
Mahindra,24521,Petrol,Second Owner,569395
Chevrolet,22496,Petrol,Second Owner,363654
Jeep,57562,Diesel,First Owner,971074
MG,114975,Electric,Third Owner,887381
Kia,62173,Electric,Second Owner,863307
Maruti,35543,CNG,Second Owner,269594
Honda,180843,Electric,Third Owner,485810
Honda,86434,Petrol,Third Owner,492116
Mahindra,163436,Electric,First Owner,528163
Toyota,134854,CNG,First Owner,661378
Toyota,18158,CNG,First Owner,676458
Jeep,30401,Diesel,Second Owner,923825
Ford,55365,CNG,Second Owner,389666
Renault,123600,Electric,First Owner,313938
Honda,130865,CNG,First Owner,465587
Honda,188760,Petrol,Third Owner,500204
Jeep,184720,CNG,First Owner,943972
Maruti,74263,Electric,Third Owner,293919
Mahindra,49285,Electric,First Owner,539975
Maruti,193583,Petrol,Second Owner,281686
Renault,47916,Electric,Third Owner,369991
Tata,34342,CNG,First Owner,401476
Ford,162852,Electric,Third Owner,343053
Hyundai,131030,CNG,Third Owner,432567
Tata,184379,Diesel,Second Owner,364404
Nissan,115096,Petrol,Second Owner,382397
Jeep,14263,Petrol,First Owner,940177
Chevrolet,161176,Electric,Third Owner,360058
MG,138816,Petrol,Third Owner,873205
Ford,136341,Petrol,First Owner,408667
MG,121391,Electric,First Owner,886829
Chevrolet,10995,Diesel,First Owner,368555
Maruti,181738,Petrol,Third Owner,285683
Honda,150057,CNG,First Owner,446269
Volkswagen,160401,Petrol,Second Owner,477126
Hyundai,134523,Diesel,Third Owner,436183
Hyundai,174925,Diesel,First Owner,437296
Chevrolet,123845,Petrol,Third Owner,336157
Ford,11037,CNG,Second Owner,397255
Jeep,23271,Electric,Third Owner,931160
Maruti,99751,Petrol,First Owner,283919
Toyota,103434,Petrol,Second Owner,705440
Hyundai,110774,Diesel,Third Owner,407424
Nissan,112670,Petrol,Second Owner,345738
Honda,125437,Diesel,Third Owner,452351
Jeep,111005,Petrol,Third Owner,932922
Chevrolet,126913,Diesel,First Owner,380490
Nissan,35957,Electric,Second Owner,391459
Chevrolet,148872,Electric,Second Owner,350278
Honda,193817,Petrol,Third Owner,438326
Honda,89853,CNG,Third Owner,467943
Renault,170933,Electric,First Owner,337077
Renault,89562,CNG,First Owner,313283
Mahindra,159703,Petrol,First Owner,554561
Ford,185520,Electric,First Owner,363225
Maruti,45426,CNG,Third Owner,291569
Toyota,87712,Petrol,First Owner,666822
Nissan,191532,Diesel,Third Owner,319697
Ford,156024,Diesel,Third Owner,389663
Toyota,157639,Diesel,Third Owner,660468
Volkswagen,198248,Petrol,Second Owner,498685
Toyota,150928,Diesel,Third Owner,703914
Skoda,127956,Electric,First Owner,556232
Maruti,15204,Petrol,Third Owner,294213
Ford,41316,CNG,Third Owner,370015
Volkswagen,181599,Electric,Third Owner,479227
Ford,67899,Electric,Third Owner,416139
Ford,126002,Diesel,Third Owner,394267
MG,82881,Electric,Second Owner,882763
Kia,24983,Petrol,Second Owner,866739
Volkswagen,90685,Petrol,Third Owner,466840
Nissan,139186,Petrol,First Owner,359746
Renault,99154,Petrol,Second Owner,317531
MG,72788,Electric,Third Owner,884433
MG,165724,Diesel,Second Owner,887262
Tata,137371,Diesel,First Owner,389757
Tata,135004,Electric,Second Owner,368619
Maruti,90870,CNG,Second Owner,271046
Skoda,133092,CNG,Second Owner,550045
Toyota,21208,Electric,Second Owner,689231
Mahindra,18714,CNG,Second Owner,573742
MG,85925,Electric,Third Owner,918727
Kia,181133,Diesel,Third Owner,815940
Skoda,168412,CNG,Third Owner,578514
Kia,35777,Diesel,First Owner,815734
Tata,21148,Diesel,First Owner,375419
MG,166418,CNG,Third Owner,890669
Volkswagen,77147,Petrol,Third Owner,498151
Volkswagen,68005,Diesel,First Owner,480523
Jeep,38962,CNG,Second Owner,925309
Nissan,101855,Diesel,First Owner,354712
Tata,96839,CNG,First Owner,398367
Chevrolet,136921,CNG,Third Owner,325196
Renault,55874,Electric,Third Owner,330240
Jeep,164529,Petrol,Second Owner,893444
Kia,193693,CNG,First Owner,820269
Maruti,152964,Diesel,First Owner,266119
Chevrolet,11922,Diesel,First Owner,400817
Skoda,86221,Electric,Third Owner,565656
Skoda,84472,Electric,Third Owner,592475
Kia,151947,Electric,Third Owner,853117
Maruti,57571,Diesel,Second Owner,309885
Chevrolet,111530,Diesel,Third Owner,375148
Ford,106725,Petrol,Third Owner,370391
Jeep,185313,Petrol,Second Owner,909726
Honda,71869,Petrol,First Owner,500000
Chevrolet,197106,Petrol,First Owner,364202
Jeep,40710,CNG,Second Owner,969660
Honda,10416,Electric,Third Owner,471429
Mahindra,141073,Petrol,Second Owner,519989
Tata,60362,Petrol,First Owner,402648
Volkswagen,12888,CNG,First Owner,508115
Tata,30569,Electric,Third Owner,380653
Nissan,98864,Petrol,Third Owner,360464
Hyundai,178931,Diesel,Third Owner,378318
Renault,111074,CNG,Third Owner,343952
Maruti,195303,Electric,First Owner,265233
Toyota,56448,Electric,Second Owner,688658
Tata,172301,Diesel,Second Owner,387598
Maruti,103105,Petrol,Second Owner,255552
Toyota,37873,Diesel,First Owner,720735
Honda,188478,Diesel,Second Owner,452858
Renault,133681,Electric,Second Owner,351286
Toyota,104999,Petrol,Second Owner,652857
Hyundai,128761,Petrol,Second Owner,402304
Skoda,100066,Petrol,First Owner,569863
Renault,109513,Electric,Second Owner,319614
Toyota,143658,CNG,Second Owner,678205
Chevrolet,121482,Diesel,First Owner,351761
Tata,82191,Electric,First Owner,388827
Hyundai,43894,CNG,First Owner,455944
Chevrolet,162938,Petrol,Second Owner,339436
Mahindra,188978,Diesel,Second Owner,491136
Ford,139602,CNG,Second Owner,370571
Maruti,49832,Diesel,Third Owner,295303
Nissan,89154,CNG,First Owner,378017
Renault,144266,Diesel,First Owner,319307
Kia,146173,Electric,First Owner,834239
Hyundai,145628,Electric,First Owner,430008
Ford,108138,Petrol,Third Owner,378984
Ford,63464,Diesel,Second Owner,367126
Nissan,81237,Petrol,First Owner,396422
Mahindra,30645,Diesel,Second Owner,546815
Jeep,61203,Petrol,Second Owner,958322
Maruti,50307,Electric,First Owner,312253
Toyota,144075,Diesel,Second Owner,630273
Honda,112713,Petrol,Third Owner,457345
Ford,130497,Diesel,Third Owner,369228
Chevrolet,41351,CNG,First Owner,359503
Jeep,59533,CNG,Second Owner,934237
Volkswagen,180516,Electric,Third Owner,495111
Kia,118782,Petrol,First Owner,825552
Honda,190061,CNG,Second Owner,450699
MG,46718,Diesel,Second Owner,859699
Tata,27336,Electric,First Owner,372700
Chevrolet,196324,Diesel,Second Owner,336217
Toyota,22403,Electric,Third Owner,668453
Toyota,163891,Petrol,Third Owner,652558
Ford,28340,Diesel,Second Owner,379352
Renault,125368,Electric,Third Owner,292605
MG,20700,Electric,Second Owner,888226
Skoda,147903,CNG,First Owner,551314
Volkswagen,166216,Petrol,Third Owner,456563
Maruti,141870,Diesel,Second Owner,295216
Toyota,176999,Petrol,First Owner,697957
MG,41152,CNG,First Owner,908498
Honda,165498,Electric,Second Owner,479225
Renault,94191,Petrol,First Owner,313307
Mahindra,134997,Diesel,Third Owner,490653
Skoda,11232,Diesel,Third Owner,593797
Tata,118828,Diesel,Second Owner,386394
Ford,17145,Diesel,First Owner,371268
Tata,155447,CNG,Second Owner,394657
Kia,130668,Diesel,Second Owner,784169
Chevrolet,193562,Electric,Third Owner,314148
Maruti,81452,Electric,Second Owner,298591
Tata,102223,Diesel,Third Owner,378351
Honda,42019,Petrol,Second Owner,487317
Honda,50318,Diesel,Third Owner,502283
Kia,152092,Electric,Second Owner,826844
Kia,161518,Electric,First Owner,822728
Tata,74542,Electric,Third Owner,400630
Ford,101963,CNG,Second Owner,389000
Maruti,20957,Diesel,Second Owner,288135
Mahindra,46162,Electric,Second Owner,546020
MG,30907,Electric,Third Owner,918143
Honda,35123,Petrol,First Owner,498599
Maruti,136837,Petrol,Third Owner,304694
Tata,147143,Diesel,Second Owner,353777
Toyota,181163,Diesel,First Owner,660118
Renault,164164,Petrol,First Owner,321932
Honda,75282,Petrol,First Owner,513284
Honda,43467,CNG,Second Owner,523096
Chevrolet,114041,Petrol,First Owner,332911
Toyota,103271,Electric,First Owner,696130
Skoda,56385,Petrol,Third Owner,578382
Toyota,134074,CNG,First Owner,692271
MG,40387,Electric,Third Owner,910234
Jeep,101342,Diesel,Second Owner,913678
Nissan,19879,Electric,First Owner,380119
Chevrolet,82030,Diesel,First Owner,350956
Volkswagen,164602,Electric,Second Owner,462200
Honda,166607,CNG,Third Owner,488976
MG,183422,Electric,Third Owner,886247
Mahindra,186745,Electric,Second Owner,500364
Kia,33492,Petrol,First Owner,822875
Chevrolet,25616,Diesel,First Owner,353506
Jeep,177114,CNG,Second Owner,887557
Honda,196251,Petrol,First Owner,464078
Volkswagen,195274,Diesel,Second Owner,467320
Jeep,34445,Petrol,Second Owner,958976
Skoda,156307,Diesel,Third Owner,559964
Ford,72563,Electric,First Owner,395248
Honda,62528,Electric,Third Owner,474230
Renault,28388,Diesel,First Owner,326786
Renault,109301,Petrol,First Owner,315871
Maruti,171275,Electric,Third Owner,237613
Honda,18981,Diesel,First Owner,475652
Mahindra,48828,CNG,Second Owner,538987
Kia,62388,CNG,Third Owner,820913
Ford,186009,Diesel,Second Owner,370971
Tata,33874,Electric,Third Owner,372947
Chevrolet,97384,Diesel,Second Owner,377423
Honda,102824,CNG,Third Owner,469025
Renault,18750,CNG,First Owner,367899
Renault,90623,Electric,Third Owner,322160
Chevrolet,27954,Petrol,Third Owner,369749
MG,133594,Electric,Third Owner,867008
Honda,178615,Electric,Second Owner,491317
MG,19862,Diesel,Third Owner,891304
Honda,164464,Diesel,Second Owner,453427
Skoda,17660,Electric,Third Owner,587231
Toyota,34089,Diesel,First Owner,683019
Tata,99455,Petrol,First Owner,357839
Renault,26239,Electric,Second Owner,334618
Toyota,151979,Petrol,First Owner,654612
Volkswagen,148420,Electric,First Owner,463470
Kia,82170,Diesel,Third Owner,829877
Mahindra,136988,Diesel,Second Owner,507449
Maruti,55801,CNG,Third Owner,306824
Kia,80574,Electric,Third Owner,823732
Skoda,152312,Electric,Third Owner,542452
Nissan,86872,Electric,Second Owner,398361
Ford,122375,Diesel,Second Owner,412722
Honda,151422,CNG,Third Owner,444883
Volkswagen,189249,CNG,Third Owner,469516
MG,88546,Petrol,First Owner,918227
Honda,102717,Diesel,Third Owner,464027
Volkswagen,129351,Diesel,First Owner,468409
Renault,86204,Electric,Third Owner,303917
MG,151207,Petrol,Third Owner,869570
Skoda,147750,Electric,First Owner,557105
Mahindra,113405,Diesel,First Owner,524881
Ford,40148,Diesel,Third Owner,405719
Chevrolet,48130,CNG,First Owner,368309
Tata,120943,Petrol,Third Owner,406711
Jeep,44301,Diesel,First Owner,962345
Toyota,142280,Diesel,Third Owner,647541
Tata,37235,CNG,Second Owner,390823
Maruti,47753,Diesel,First Owner,271490
Nissan,56990,Electric,Second Owner,364453
Renault,148561,Petrol,Second Owner,315068
Mahindra,165448,Petrol,Third Owner,530999
Jeep,51855,Diesel,Third Owner,961322
Tata,194170,Diesel,First Owner,323129
Toyota,10278,CNG,Third Owner,684285
Skoda,186207,Electric,First Owner,549705
Jeep,43135,Electric,Second Owner,910647
Mahindra,175167,Electric,First Owner,533566
Skoda,168779,Petrol,Third Owner,591349
Chevrolet,88036,Petrol,Third Owner,343966
Honda,33112,CNG,First Owner,521324
Nissan,29956,Diesel,Third Owner,426080
MG,188083,CNG,Third Owner,902792
Hyundai,134646,CNG,First Owner,434370
Jeep,46231,Diesel,Third Owner,941768
Volkswagen,143772,CNG,Second Owner,443323
Jeep,44435,Petrol,Third Owner,933753
Volkswagen,74964,Petrol,Third Owner,489304
Kia,76704,CNG,First Owner,858405
MG,97967,Diesel,Second Owner,867485
Mahindra,138517,Electric,Second Owner,524173
Honda,82222,Diesel,Third Owner,477092
Ford,120630,Diesel,First Owner,379054
Volkswagen,22065,CNG,Third Owner,510847
Ford,138381,CNG,Second Owner,362521
Honda,39421,CNG,First Owner,482172
Renault,69379,Petrol,Second Owner,356187
Mahindra,94098,Petrol,Third Owner,546605
MG,10895,CNG,Third Owner,903066
Kia,166933,Electric,First Owner,836175
Jeep,38563,Electric,First Owner,916129
Skoda,168210,Electric,Second Owner,604944
Tata,142860,Electric,First Owner,381473
Volkswagen,121033,CNG,First Owner,463715
Toyota,52049,Diesel,Second Owner,696910
Renault,48418,CNG,First Owner,351849
Volkswagen,176305,CNG,Third Owner,482361
Ford,122272,Diesel,Second Owner,376332
Chevrolet,113608,Diesel,First Owner,354823
MG,19741,Diesel,Third Owner,902297
Nissan,110751,Electric,Second Owner,350763
Honda,154722,Diesel,First Owner,486593
Skoda,104453,CNG,First Owner,589398
MG,32817,Diesel,Third Owner,922612
Jeep,60499,Electric,Third Owner,935301
Tata,124274,CNG,Second Owner,380534
Tata,44428,Petrol,First Owner,368198
Toyota,94266,CNG,First Owner,666605
Nissan,63860,Petrol,Third Owner,366257
Toyota,173229,Diesel,First Owner,640338
MG,162405,Diesel,First Owner,849833
Honda,135192,Electric,Third Owner,474097
Nissan,89381,Electric,First Owner,405329
Renault,41178,CNG,First Owner,316287
Nissan,32454,Petrol,Third Owner,411599
Toyota,113528,Petrol,Third Owner,664272
Hyundai,148469,Electric,First Owner,404985
Volkswagen,160702,Electric,Third Owner,497031
Honda,142681,Electric,Third Owner,459328
Toyota,153476,Diesel,Third Owner,633216
Skoda,64701,Petrol,Third Owner,581393
Honda,60339,Electric,Second Owner,481360
Toyota,172392,CNG,Third Owner,666246
Jeep,132941,Diesel,First Owner,907043
Tata,92828,Diesel,First Owner,385903
MG,170237,Petrol,Third Owner,839585
Hyundai,118898,Petrol,Third Owner,418832
Mahindra,81033,Petrol,First Owner,568709
Kia,178463,Petrol,Second Owner,797320
Jeep,32580,Electric,First Owner,970498
Renault,63204,Electric,Third Owner,336565
Chevrolet,194112,CNG,Third Owner,329550
Ford,110789,Diesel,Second Owner,377654
Tata,165376,Petrol,First Owner,378338
MG,123966,Electric,Second Owner,880842
Hyundai,18421,Diesel,First Owner,465927
Jeep,145171,Petrol,Third Owner,937375
Nissan,21324,CNG,Third Owner,420184
Nissan,63538,Petrol,Third Owner,403051
Honda,52038,Electric,Third Owner,519546
Ford,39335,CNG,Third Owner,409499
Chevrolet,97689,Diesel,First Owner,351141
Renault,35105,Petrol,First Owner,368805
Nissan,114955,Petrol,First Owner,384090
MG,63923,Electric,Second Owner,876150
Mahindra,123698,Diesel,First Owner,536805
Volkswagen,161273,CNG,First Owner,495413
Toyota,157291,Diesel,Second Owner,690791
Honda,182750,Diesel,Second Owner,465405
Hyundai,152386,Petrol,Second Owner,414159
Tata,42164,Petrol,Third Owner,373467
MG,116000,Diesel,First Owner,868522
Jeep,46470,Electric,Third Owner,958726
Jeep,32703,Diesel,Third Owner,939527
Toyota,131463,Petrol,Third Owner,698196
Skoda,177340,CNG,Second Owner,556034
Ford,139898,CNG,First Owner,357767
Skoda,48626,CNG,First Owner,601956
Kia,15830,CNG,First Owner,850978
Maruti,159178,Diesel,Third Owner,291838
Hyundai,32828,CNG,First Owner,467244
Mahindra,115343,Diesel,Second Owner,523781
Skoda,174034,Petrol,First Owner,551240
Jeep,156049,CNG,First Owner,934852
MG,102181,CNG,Second Owner,903794
Tata,179637,Electric,Second Owner,347541
Chevrolet,164950,Petrol,Third Owner,361478
Kia,161224,Electric,First Owner,820212
Maruti,141231,Diesel,Third Owner,275217
Maruti,91435,CNG,Second Owner,266488
Nissan,79463,Petrol,Second Owner,403205
Honda,96936,Petrol,First Owner,460296
Jeep,153684,CNG,Second Owner,931355
Chevrolet,85700,Electric,Third Owner,337877
Mahindra,189878,Petrol,First Owner,496023
Mahindra,159384,Electric,First Owner,521060
Jeep,13376,Diesel,Second Owner,932091
Ford,166460,Petrol,First Owner,343967
MG,141464,Diesel,Second Owner,881408
Ford,115594,Petrol,Second Owner,389557
Toyota,38495,CNG,First Owner,708139
Mahindra,93237,Electric,Third Owner,546108
Nissan,26752,CNG,Second Owner,371381
Ford,23884,Diesel,Second Owner,382719
Chevrolet,108091,Diesel,Second Owner,331118
MG,82645,Diesel,First Owner,858629
Jeep,155172,Electric,First Owner,882435
Ford,135467,CNG,First Owner,368400
Hyundai,28910,CNG,Second Owner,469271
Hyundai,71571,CNG,First Owner,403074
Toyota,137234,CNG,Third Owner,653459
Mahindra,44206,CNG,First Owner,539440
Volkswagen,169926,CNG,Third Owner,466048
Ford,61808,CNG,Third Owner,395790
Ford,142610,CNG,Second Owner,380740
Renault,40407,Diesel,Third Owner,325309
Nissan,41032,Electric,First Owner,372674
Ford,175005,Electric,Second Owner,332177
Volkswagen,156999,Petrol,Third Owner,501972
Mahindra,117692,Electric,Second Owner,529065
Kia,110283,Electric,First Owner,854437
Renault,106046,Electric,First Owner,326425
Nissan,117046,Petrol,First Owner,360012
Hyundai,167976,Petrol,First Owner,397779
Kia,146004,Electric,First Owner,815571
Hyundai,29608,Diesel,First Owner,468644
Ford,180493,CNG,Second Owner,325162
Chevrolet,63295,CNG,Second Owner,345880
MG,195155,CNG,First Owner,850180
